Type	Group	Name	Path	Remote	Timestamp
Group		bartblaze	bartblaze/rules	https://github.com/bartblaze/Yara-rules.git	2023-04-22T01:12:18Z
Group		neo23x0	neo23x0/yara	https://github.com/Neo23x0/signature-base.git	2023-04-22T01:12:18Z
Rule	bartblaze	bartblaze/apt_confucius_b	bartblaze/rules/APT/Confucius_B.yar		
Rule	bartblaze	bartblaze/apt_cotx_rat	bartblaze/rules/APT/Cotx_RAT.yar		
Rule	bartblaze	bartblaze/apt_royalroad_rtf	bartblaze/rules/APT/RoyalRoad_RTF.yar		
Rule	bartblaze	bartblaze/crimeware/andromeda	bartblaze/rules/crimeware/Andromeda.yar		
Rule	bartblaze	bartblaze/crimeware/arechclient	bartblaze/rules/crimeware/ArechClient.yar		
Rule	bartblaze	bartblaze/crimeware/arechclient_campaign_july2021	bartblaze/rules/crimeware/ArechClient_Campaign_July2021.yar		
Rule	bartblaze	bartblaze/crimeware/avemaria	bartblaze/rules/crimeware/AveMaria.yar		
Rule	bartblaze	bartblaze/crimeware/bazarbackdoor	bartblaze/rules/crimeware/BazarBackdoor.yar		
Rule	bartblaze	bartblaze/crimeware/bazarloader	bartblaze/rules/crimeware/BazarLoader.yar		
Rule	bartblaze	bartblaze/crimeware/crunchyroll	bartblaze/rules/crimeware/CrunchyRoll.yar		
Rule	bartblaze	bartblaze/crimeware/ganelp	bartblaze/rules/crimeware/Ganelp.yar		
Rule	bartblaze	bartblaze/crimeware/gootloader_dotnet	bartblaze/rules/crimeware/GootLoader_Dotnet		
Rule	bartblaze	bartblaze/crimeware/icedid	bartblaze/rules/crimeware/IcedID.yar		
Rule	bartblaze	bartblaze/crimeware/jssloader	bartblaze/rules/crimeware/JSSLoader.yar		
Rule	bartblaze	bartblaze/crimeware/jupyter	bartblaze/rules/crimeware/Jupyter.yar		
Rule	bartblaze	bartblaze/crimeware/keybase	bartblaze/rules/crimeware/KeyBase.yar		
Rule	bartblaze	bartblaze/crimeware/lnkr	bartblaze/rules/crimeware/LNKR.yar		
Rule	bartblaze	bartblaze/crimeware/monero_compromise	bartblaze/rules/crimeware/Monero_Compromise.yar		
Rule	bartblaze	bartblaze/crimeware/offlrouter	bartblaze/rules/crimeware/OfflRouter.yar		
Rule	bartblaze	bartblaze/crimeware/parallax	bartblaze/rules/crimeware/Parallax.yar		
Rule	bartblaze	bartblaze/crimeware/prometei	bartblaze/rules/crimeware/Prometei.yar		
Rule	bartblaze	bartblaze/crimeware/purplefox	bartblaze/rules/crimeware/PurpleFox.yar		
Rule	bartblaze	bartblaze/crimeware/redline	bartblaze/rules/crimeware/RedLine.yar		
Rule	bartblaze	bartblaze/crimeware/redline_campaign_june2021	bartblaze/rules/crimeware/RedLine_Campaign_June2021.yar		
Rule	bartblaze	bartblaze/crimeware/saintbot	bartblaze/rules/crimeware/SaintBot.yar		
Rule	bartblaze	bartblaze/crimeware/systembc	bartblaze/rules/crimeware/SystemBC.yar		
Rule	bartblaze	bartblaze/crimeware/unk_br_banker	bartblaze/rules/crimeware/Unk_BR_Banker.yar		
Rule	bartblaze	bartblaze/crimeware/unk_crime_downloader_1	bartblaze/rules/crimeware/Unk_Crime_Downloader_1.yar		
Rule	bartblaze	bartblaze/crimeware/unk_desktoploader	bartblaze/rules/crimeware/Unk_DesktopLoader.yar		
Rule	bartblaze	bartblaze/crimeware/zloader	bartblaze/rules/crimeware/ZLoader.yar		
Rule	bartblaze	bartblaze/generic/autoit	bartblaze/rules/generic/AutoIT.yar		
Rule	bartblaze	bartblaze/generic/enigmastub	bartblaze/rules/generic/EnigmaStub.yar		
Rule	bartblaze	bartblaze/generic/generic_phishing_pdf	bartblaze/rules/generic/Generic_Phishing_PDF.yar		
Rule	bartblaze	bartblaze/generic/hidden	bartblaze/rules/generic/Hidden.yar		
Rule	bartblaze	bartblaze/generic/ieuser_author_doc	bartblaze/rules/generic/IEuser_author_doc.yar		
Rule	bartblaze	bartblaze/generic/iso_exec	bartblaze/rules/generic/ISO_exec.yar		
Rule	bartblaze	bartblaze/generic/lnk_ruleset	bartblaze/rules/generic/LNK_Ruleset.yar		
Rule	bartblaze	bartblaze/generic/malscript_tricks	bartblaze/rules/generic/MalScript_Tricks.yar		
Rule	bartblaze	bartblaze/generic/minitor	bartblaze/rules/generic/MiniTor.yar		
Rule	bartblaze	bartblaze/generic/oauth_phishing_pdf	bartblaze/rules/generic/oAuth_Phishing_PDF.yar		
Rule	bartblaze	bartblaze/generic/olefile_in_cad_fas_lsp	bartblaze/rules/generic/OLEfile_in_CAD_FAS_LSP.yar		
Rule	bartblaze	bartblaze/generic/onenote_buildpath	bartblaze/rules/generic/OneNote_BuildPath.yar		
Rule	bartblaze	bartblaze/generic/pyinstaller	bartblaze/rules/generic/PyInstaller.yar		
Rule	bartblaze	bartblaze/generic/rclone	bartblaze/rules/generic/Rclone.yar		
Rule	bartblaze	bartblaze/generic/specialist_repack_doc	bartblaze/rules/generic/Specialist_Repack_Doc.yar		
Rule	bartblaze	bartblaze/generic/vmprotectstub	bartblaze/rules/generic/VMProtectStub.yar		
Rule	bartblaze	bartblaze/generic/webshell_in_image	bartblaze/rules/generic/Webshell_in_image.yar		
Rule	bartblaze	bartblaze/hacktools/adfind	bartblaze/rules/hacktools/Adfind.yar		
Rule	bartblaze	bartblaze/hacktools/createminidump	bartblaze/rules/hacktools/CreateMiniDump.yar		
Rule	bartblaze	bartblaze/hacktools/defendercontrol	bartblaze/rules/hacktools/DefenderControl.yar		
Rule	bartblaze	bartblaze/hacktools/gmer	bartblaze/rules/hacktools/Gmer.yar		
Rule	bartblaze	bartblaze/hacktools/gmer_driver	bartblaze/rules/hacktools/Gmer_Driver.yar		
Rule	bartblaze	bartblaze/hacktools/hiddenvnc	bartblaze/rules/hacktools/HiddenVNC.yar		
Rule	bartblaze	bartblaze/hacktools/iisraid	bartblaze/rules/hacktools/IISRaid.yar		
Rule	bartblaze	bartblaze/hacktools/impacket	bartblaze/rules/hacktools/Impacket.yar		
Rule	bartblaze	bartblaze/hacktools/kportscan	bartblaze/rules/hacktools/KPortScan.yar		
Rule	bartblaze	bartblaze/hacktools/lazagne	bartblaze/rules/hacktools/LaZagne.yar		
Rule	bartblaze	bartblaze/hacktools/nlbrute	bartblaze/rules/hacktools/NLBrute.yar		
Rule	bartblaze	bartblaze/hacktools/powertool	bartblaze/rules/hacktools/PowerTool.yar		
Rule	bartblaze	bartblaze/hacktools/rdpwrap	bartblaze/rules/hacktools/RDPWrap.yar		
Rule	bartblaze	bartblaze/hacktools/responder	bartblaze/rules/hacktools/Responder.yar		
Rule	bartblaze	bartblaze/hacktools/windows_credentials_editor	bartblaze/rules/hacktools/Windows_Credentials_Editor.yar		
Rule	bartblaze	bartblaze/ransomware/avaddon	bartblaze/rules/ransomware/Avaddon.yar		
Rule	bartblaze	bartblaze/ransomware/blackkingdom	bartblaze/rules/ransomware/BlackKingDom.yar		
Rule	bartblaze	bartblaze/ransomware/crylock	bartblaze/rules/ransomware/CryLock.yar		
Rule	bartblaze	bartblaze/ransomware/darkside	bartblaze/rules/ransomware/Darkside.yar		
Rule	bartblaze	bartblaze/ransomware/dearcry	bartblaze/rules/ransomware/DearCry.yar		
Rule	bartblaze	bartblaze/ransomware/ekans	bartblaze/rules/ransomware/Ekans.yar		
Rule	bartblaze	bartblaze/ransomware/fusion	bartblaze/rules/ransomware/Fusion.yar		
Rule	bartblaze	bartblaze/ransomware/maze	bartblaze/rules/ransomware/Maze.yar		
Rule	bartblaze	bartblaze/ransomware/pysa	bartblaze/rules/ransomware/Pysa.yar		
Rule	bartblaze	bartblaze/ransomware/ragnarlocker	bartblaze/rules/ransomware/RagnarLocker.yar		
Rule	bartblaze	bartblaze/ransomware/revil_cert	bartblaze/rules/ransomware/REvil_Cert.yar		
Rule	bartblaze	bartblaze/ransomware/revil_dropper	bartblaze/rules/ransomware/REvil_Dropper.yar		
Rule	bartblaze	bartblaze/ransomware/satan_mutexes	bartblaze/rules/ransomware/Satan_Mutexes.yar		
Rule	bartblaze	bartblaze/ransomware/sfile	bartblaze/rules/ransomware/Sfile.yar		
Rule	bartblaze	bartblaze/ransomware/whiteblack	bartblaze/rules/ransomware/WhiteBlack.yar		
Rule	bartblaze	bartblaze/ransomware/wickrme	bartblaze/rules/ransomware/WickrMe.yar		
Rule	bartblaze	bartblaze/ransomware/winlock	bartblaze/rules/ransomware/WinLock.yar		
Rule	bartblaze	bartblaze/ransomware/xiaoba	bartblaze/rules/ransomware/XiaoBa.yar		
Rule	bartblaze	bartblaze/ransomware/zeppelin	bartblaze/rules/ransomware/Zeppelin.yar		
Rule	neo23x0	neo23x0/apt_aa19_024a	neo23x0/yara/apt_aa19_024a.yar		
Rule	neo23x0	neo23x0/apt_agent_btz	neo23x0/yara/apt_agent_btz.yar		
Rule	neo23x0	neo23x0/apt_alienspy_rat	neo23x0/yara/apt_alienspy_rat.yar		
Rule	neo23x0	neo23x0/apt_apt3_bemstour	neo23x0/yara/apt_apt3_bemstour.yar		
Rule	neo23x0	neo23x0/apt_apt6_malware	neo23x0/yara/apt_apt6_malware.yar		
Rule	neo23x0	neo23x0/apt_apt10	neo23x0/yara/apt_apt10.yar		
Rule	neo23x0	neo23x0/apt_apt10_redleaves	neo23x0/yara/apt_apt10_redleaves.yar		
Rule	neo23x0	neo23x0/apt_apt12_malware	neo23x0/yara/apt_apt12_malware.yar		
Rule	neo23x0	neo23x0/apt_apt15	neo23x0/yara/apt_apt15.yar		
Rule	neo23x0	neo23x0/apt_apt17_mal_sep17	neo23x0/yara/apt_apt17_mal_sep17.yar		
Rule	neo23x0	neo23x0/apt_apt17_malware	neo23x0/yara/apt_apt17_malware.yar		
Rule	neo23x0	neo23x0/apt_apt19	neo23x0/yara/apt_apt19.yar		
Rule	neo23x0	neo23x0/apt_apt27_hyperbro	neo23x0/yara/apt_apt27_hyperbro.yar		
Rule	neo23x0	neo23x0/apt_apt28	neo23x0/yara/apt_apt28.yar		
Rule	neo23x0	neo23x0/apt_apt28_drovorub	neo23x0/yara/apt_apt28_drovorub.yar		
Rule	neo23x0	neo23x0/apt_apt29_grizzly_steppe	neo23x0/yara/apt_apt29_grizzly_steppe.yar		
Rule	neo23x0	neo23x0/apt_apt29_nobelium_apr22	neo23x0/yara/apt_apt29_nobelium_apr22.yar		
Rule	neo23x0	neo23x0/apt_apt29_nobelium_may21	neo23x0/yara/apt_apt29_nobelium_may21.yar		
Rule	neo23x0	neo23x0/apt_apt30_backspace	neo23x0/yara/apt_apt30_backspace.yar		
Rule	neo23x0	neo23x0/apt_apt32	neo23x0/yara/apt_apt32.yar		
Rule	neo23x0	neo23x0/apt_apt34	neo23x0/yara/apt_apt34.yar		
Rule	neo23x0	neo23x0/apt_apt37	neo23x0/yara/apt_apt37.yar		
Rule	neo23x0	neo23x0/apt_apt37_bluelight	neo23x0/yara/apt_apt37_bluelight.yar		
Rule	neo23x0	neo23x0/apt_apt41	neo23x0/yara/apt_apt41.yar		
Rule	neo23x0	neo23x0/apt_ar18_165a	neo23x0/yara/apt_ar18_165a.yar		
Rule	neo23x0	neo23x0/apt_area1_phishing_diplomacy	neo23x0/yara/apt_area1_phishing_diplomacy.yar		
Rule	neo23x0	neo23x0/apt_aus_parl_compromise	neo23x0/yara/apt_aus_parl_compromise.yar		
Rule	neo23x0	neo23x0/apt_babyshark	neo23x0/yara/apt_babyshark.yar		
Rule	neo23x0	neo23x0/apt_backdoor_ssh_python	neo23x0/yara/apt_backdoor_ssh_python.yar		
Rule	neo23x0	neo23x0/apt_backdoor_sunburst_fnv1a_experimental	neo23x0/yara/apt_backdoor_sunburst_fnv1a_experimental.yar		
Rule	neo23x0	neo23x0/apt_backspace	neo23x0/yara/apt_backspace.yar		
Rule	neo23x0	neo23x0/apt_beepservice	neo23x0/yara/apt_beepservice.yar		
Rule	neo23x0	neo23x0/apt_between_hk_and_burma	neo23x0/yara/apt_between-hk-and-burma.yar		
Rule	neo23x0	neo23x0/apt_bigbang	neo23x0/yara/apt_bigbang.yar		
Rule	neo23x0	neo23x0/apt_bitter	neo23x0/yara/apt_bitter.yar		
Rule	neo23x0	neo23x0/apt_blackenergy	neo23x0/yara/apt_blackenergy.yar		
Rule	neo23x0	neo23x0/apt_blackenergy_installer	neo23x0/yara/apt_blackenergy_installer.yar		
Rule	neo23x0	neo23x0/apt_bluetermite_emdivi	neo23x0/yara/apt_bluetermite_emdivi.yar		
Rule	neo23x0	neo23x0/apt_bronze_butler	neo23x0/yara/apt_bronze_butler.yar		
Rule	neo23x0	neo23x0/apt_buckeye	neo23x0/yara/apt_buckeye.yar		
Rule	neo23x0	neo23x0/apt_candiru	neo23x0/yara/apt_candiru.yar		
Rule	neo23x0	neo23x0/apt_carbon_paper_turla	neo23x0/yara/apt_carbon_paper_turla.yar		
Rule	neo23x0	neo23x0/apt_casper	neo23x0/yara/apt_casper.yar		
Rule	neo23x0	neo23x0/apt_cheshirecat	neo23x0/yara/apt_cheshirecat.yar		
Rule	neo23x0	neo23x0/apt_cloudatlas	neo23x0/yara/apt_cloudatlas.yar		
Rule	neo23x0	neo23x0/apt_cloudduke	neo23x0/yara/apt_cloudduke.yar		
Rule	neo23x0	neo23x0/apt_cmstar	neo23x0/yara/apt_cmstar.yar		
Rule	neo23x0	neo23x0/apt_cn_netfilter	neo23x0/yara/apt_cn_netfilter.yar		
Rule	neo23x0	neo23x0/apt_cn_pp_zerot	neo23x0/yara/apt_cn_pp_zerot.yar		
Rule	neo23x0	neo23x0/apt_cn_reddelta	neo23x0/yara/apt_cn_reddelta.yar		
Rule	neo23x0	neo23x0/apt_cn_twisted_panda	neo23x0/yara/apt_cn_twisted_panda.yar		
Rule	neo23x0	neo23x0/apt_cobaltstrike	neo23x0/yara/apt_cobaltstrike.yar		
Rule	neo23x0	neo23x0/apt_cobaltstrike_evasive	neo23x0/yara/apt_cobaltstrike_evasive.yar		
Rule	neo23x0	neo23x0/apt_codoso	neo23x0/yara/apt_codoso.yar		
Rule	neo23x0	neo23x0/apt_coreimpact_agent	neo23x0/yara/apt_coreimpact_agent.yar		
Rule	neo23x0	neo23x0/apt_danti_svcmondr	neo23x0/yara/apt_danti_svcmondr.yar		
Rule	neo23x0	neo23x0/apt_darkcaracal	neo23x0/yara/apt_darkcaracal.yar		
Rule	neo23x0	neo23x0/apt_darkhydrus	neo23x0/yara/apt_darkhydrus.yar		
Rule	neo23x0	neo23x0/apt_deeppanda	neo23x0/yara/apt_deeppanda.yar		
Rule	neo23x0	neo23x0/apt_derusbi	neo23x0/yara/apt_derusbi.yar		
Rule	neo23x0	neo23x0/apt_dnspionage	neo23x0/yara/apt_dnspionage.yar		
Rule	neo23x0	neo23x0/apt_donotteam_ytyframework	neo23x0/yara/apt_donotteam_ytyframework.yar		
Rule	neo23x0	neo23x0/apt_dragonfly	neo23x0/yara/apt_dragonfly.yar		
Rule	neo23x0	neo23x0/apt_dtrack	neo23x0/yara/apt_dtrack.yar		
Rule	neo23x0	neo23x0/apt_dubnium	neo23x0/yara/apt_dubnium.yar		
Rule	neo23x0	neo23x0/apt_duqu1_5_modules	neo23x0/yara/apt_duqu1_5_modules.yar		
Rule	neo23x0	neo23x0/apt_duqu2	neo23x0/yara/apt_duqu2.yar		
Rule	neo23x0	neo23x0/apt_dustman	neo23x0/yara/apt_dustman.yar		
Rule	neo23x0	neo23x0/apt_emissary	neo23x0/yara/apt_emissary.yar		
Rule	neo23x0	neo23x0/apt_eqgrp	neo23x0/yara/apt_eqgrp.yar		
Rule	neo23x0	neo23x0/apt_eqgrp_apr17	neo23x0/yara/apt_eqgrp_apr17.yar		
Rule	neo23x0	neo23x0/apt_eternalblue_non_wannacry	neo23x0/yara/apt_eternalblue_non_wannacry.yar		
Rule	neo23x0	neo23x0/apt_exile_rat	neo23x0/yara/apt_exile_rat.yar		
Rule	neo23x0	neo23x0/apt_f5_bigip_expl_payloads	neo23x0/yara/apt_f5_bigip_expl_payloads.yar		
Rule	neo23x0	neo23x0/apt_fakem_backdoor	neo23x0/yara/apt_fakem_backdoor.yar		
Rule	neo23x0	neo23x0/apt_fancybear_computrace_agent	neo23x0/yara/apt_fancybear_computrace_agent.yar		
Rule	neo23x0	neo23x0/apt_fancybear_dnc	neo23x0/yara/apt_fancybear_dnc.yar		
Rule	neo23x0	neo23x0/apt_fancybear_osxagent	neo23x0/yara/apt_fancybear_osxagent.yar		
Rule	neo23x0	neo23x0/apt_fidelis_phishing_plain_sight	neo23x0/yara/apt_fidelis_phishing_plain_sight.yar		
Rule	neo23x0	neo23x0/apt_fin7	neo23x0/yara/apt_fin7.yar		
Rule	neo23x0	neo23x0/apt_fin7_backdoor	neo23x0/yara/apt_fin7_backdoor.yar		
Rule	neo23x0	neo23x0/apt_fin8	neo23x0/yara/apt_fin8.yar		
Rule	neo23x0	neo23x0/apt_flame2_orchestrator	neo23x0/yara/apt_flame2_orchestrator.yar		
Rule	neo23x0	neo23x0/apt_foudre	neo23x0/yara/apt_foudre.yar		
Rule	neo23x0	neo23x0/apt_four_element_sword	neo23x0/yara/apt_four_element_sword.yar		
Rule	neo23x0	neo23x0/apt_freemilk	neo23x0/yara/apt_freemilk.yar		
Rule	neo23x0	neo23x0/apt_fujinama_rat	neo23x0/yara/apt_fujinama_rat.yar		
Rule	neo23x0	neo23x0/apt_furtim	neo23x0/yara/apt_furtim.yar		
Rule	neo23x0	neo23x0/apt_fvey_shadowbroker_dec16	neo23x0/yara/apt_fvey_shadowbroker_dec16.yar		
Rule	neo23x0	neo23x0/apt_fvey_shadowbroker_jan17	neo23x0/yara/apt_fvey_shadowbroker_jan17.yar		
Rule	neo23x0	neo23x0/apt_ghostdragon_gh0st_rat	neo23x0/yara/apt_ghostdragon_gh0st_rat.yar		
Rule	neo23x0	neo23x0/apt_glassRAT	neo23x0/yara/apt_glassRAT.yar		
Rule	neo23x0	neo23x0/apt_golddragon	neo23x0/yara/apt_golddragon.yar		
Rule	neo23x0	neo23x0/apt_goldenspy	neo23x0/yara/apt_goldenspy.yar		
Rule	neo23x0	neo23x0/apt_greenbug	neo23x0/yara/apt_greenbug.yar		
Rule	neo23x0	neo23x0/apt_greyenergy	neo23x0/yara/apt_greyenergy.yar		
Rule	neo23x0	neo23x0/apt_grizzlybear_uscert	neo23x0/yara/apt_grizzlybear_uscert.yar		
Rule	neo23x0	neo23x0/apt_hackingteam_rules	neo23x0/yara/apt_hackingteam_rules.yar		
Rule	neo23x0	neo23x0/apt_hafnium	neo23x0/yara/apt_hafnium.yar		
Rule	neo23x0	neo23x0/apt_hafnium_log_sigs	neo23x0/yara/apt_hafnium_log_sigs.yar		
Rule	neo23x0	neo23x0/apt_ham_tofu_chches	neo23x0/yara/apt_ham_tofu_chches.yar		
Rule	neo23x0	neo23x0/apt_hatman	neo23x0/yara/apt_hatman.yar		
Rule	neo23x0	neo23x0/apt_hellsing_kaspersky	neo23x0/yara/apt_hellsing_kaspersky.yar		
Rule	neo23x0	neo23x0/apt_hidden_cobra	neo23x0/yara/apt_hidden_cobra.yar		
Rule	neo23x0	neo23x0/apt_hiddencobra_bankshot	neo23x0/yara/apt_hiddencobra_bankshot.yar		
Rule	neo23x0	neo23x0/apt_hiddencobra_wiper	neo23x0/yara/apt_hiddencobra_wiper.yar		
Rule	neo23x0	neo23x0/apt_hizor_rat	neo23x0/yara/apt_hizor_rat.yar		
Rule	neo23x0	neo23x0/apt_hkdoor	neo23x0/yara/apt_hkdoor.yar		
Rule	neo23x0	neo23x0/apt_iamtheking	neo23x0/yara/apt_iamtheking.yar		
Rule	neo23x0	neo23x0/apt_icefog	neo23x0/yara/apt_icefog.yar		
Rule	neo23x0	neo23x0/apt_indetectables_rat	neo23x0/yara/apt_indetectables_rat.yar		
Rule	neo23x0	neo23x0/apt_industroyer	neo23x0/yara/apt_industroyer.yar		
Rule	neo23x0	neo23x0/apt_inocnation	neo23x0/yara/apt_inocnation.yar		
Rule	neo23x0	neo23x0/apt_irongate	neo23x0/yara/apt_irongate.yar		
Rule	neo23x0	neo23x0/apt_irontiger	neo23x0/yara/apt_irontiger.yar		
Rule	neo23x0	neo23x0/apt_irontiger_trendmicro	neo23x0/yara/apt_irontiger_trendmicro.yar		
Rule	neo23x0	neo23x0/apt_ism_rat	neo23x0/yara/apt_ism_rat.yar		
Rule	neo23x0	neo23x0/apt_kaspersky_duqu2	neo23x0/yara/apt_kaspersky_duqu2.yar		
Rule	neo23x0	neo23x0/apt_ke3chang	neo23x0/yara/apt_ke3chang.yar		
Rule	neo23x0	neo23x0/apt_keyboys	neo23x0/yara/apt_keyboys.yar		
Rule	neo23x0	neo23x0/apt_keylogger_cn	neo23x0/yara/apt_keylogger_cn.yar		
Rule	neo23x0	neo23x0/apt_khrat	neo23x0/yara/apt_khrat.yar		
Rule	neo23x0	neo23x0/apt_korplug_fast	neo23x0/yara/apt_korplug_fast.yar		
Rule	neo23x0	neo23x0/apt_kwampirs	neo23x0/yara/apt_kwampirs.yar		
Rule	neo23x0	neo23x0/apt_laudanum_webshells	neo23x0/yara/apt_laudanum_webshells.yar		
Rule	neo23x0	neo23x0/apt_lazarus_applejeus	neo23x0/yara/apt_lazarus_applejeus.yar		
Rule	neo23x0	neo23x0/apt_lazarus_aug20	neo23x0/yara/apt_lazarus_aug20.yar		
Rule	neo23x0	neo23x0/apt_lazarus_dec17	neo23x0/yara/apt_lazarus_dec17.yar		
Rule	neo23x0	neo23x0/apt_lazarus_dec20	neo23x0/yara/apt_lazarus_dec20.yar		
Rule	neo23x0	neo23x0/apt_lazarus_jan21	neo23x0/yara/apt_lazarus_jan21.yar		
Rule	neo23x0	neo23x0/apt_lazarus_jun18	neo23x0/yara/apt_lazarus_jun18.yar		
Rule	neo23x0	neo23x0/apt_lazarus_vhd_ransomware	neo23x0/yara/apt_lazarus_vhd_ransomware.yar		
Rule	neo23x0	neo23x0/apt_leviathan	neo23x0/yara/apt_leviathan.yar		
Rule	neo23x0	neo23x0/apt_lnx_kobalos	neo23x0/yara/apt_lnx_kobalos.yar		
Rule	neo23x0	neo23x0/apt_lnx_linadoor_rootkit	neo23x0/yara/apt_lnx_linadoor_rootkit.yar		
Rule	neo23x0	neo23x0/apt_lotusblossom_elise	neo23x0/yara/apt_lotusblossom_elise.yar		
Rule	neo23x0	neo23x0/apt_magichound	neo23x0/yara/apt_magichound.yar		
Rule	neo23x0	neo23x0/apt_mal_gopuram_apr23	neo23x0/yara/apt_mal_gopuram_apr23.yar		
Rule	neo23x0	neo23x0/apt_mal_ilo_board_elf	neo23x0/yara/apt_mal_ilo_board_elf.yar		
Rule	neo23x0	neo23x0/apt_microcin	neo23x0/yara/apt_microcin.yar		
Rule	neo23x0	neo23x0/apt_middle_east_talosreport	neo23x0/yara/apt_middle_east_talosreport.yar		
Rule	neo23x0	neo23x0/apt_miniasp	neo23x0/yara/apt_miniasp.yar		
Rule	neo23x0	neo23x0/apt_minidionis	neo23x0/yara/apt_minidionis.yar		
Rule	neo23x0	neo23x0/apt_mofang	neo23x0/yara/apt_mofang.yar		
Rule	neo23x0	neo23x0/apt_molerats_jul17	neo23x0/yara/apt_molerats_jul17.yar		
Rule	neo23x0	neo23x0/apt_monsoon	neo23x0/yara/apt_monsoon.yar		
Rule	neo23x0	neo23x0/apt_moonlightmaze	neo23x0/yara/apt_moonlightmaze.yar		
Rule	neo23x0	neo23x0/apt_ms_platinum	neo23x0/yara/apt_ms_platinum.yara		
Rule	neo23x0	neo23x0/apt_muddywater	neo23x0/yara/apt_muddywater.yar		
Rule	neo23x0	neo23x0/apt_naikon	neo23x0/yara/apt_naikon.yar		
Rule	neo23x0	neo23x0/apt_nanocore_rat	neo23x0/yara/apt_nanocore_rat.yar		
Rule	neo23x0	neo23x0/apt_nazar	neo23x0/yara/apt_nazar.yar		
Rule	neo23x0	neo23x0/apt_ncsc_report_04_2018	neo23x0/yara/apt_ncsc_report_04_2018.yar		
Rule	neo23x0	neo23x0/apt_netwire_rat	neo23x0/yara/apt_netwire_rat.yar		
Rule	neo23x0	neo23x0/apt_nk_gen	neo23x0/yara/apt_nk_gen.yar		
Rule	neo23x0	neo23x0/apt_nk_goldbackdoor	neo23x0/yara/apt_nk_goldbackdoor.yar		
Rule	neo23x0	neo23x0/apt_nk_inkysquid	neo23x0/yara/apt_nk_inkysquid.yar		
Rule	neo23x0	neo23x0/apt_oilrig	neo23x0/yara/apt_oilrig.yar		
Rule	neo23x0	neo23x0/apt_oilrig_chafer_mar18	neo23x0/yara/apt_oilrig_chafer_mar18.yar		
Rule	neo23x0	neo23x0/apt_oilrig_oct17	neo23x0/yara/apt_oilrig_oct17.yar		
Rule	neo23x0	neo23x0/apt_oilrig_rgdoor	neo23x0/yara/apt_oilrig_rgdoor.yar		
Rule	neo23x0	neo23x0/apt_olympic_destroyer	neo23x0/yara/apt_olympic_destroyer.yar		
Rule	neo23x0	neo23x0/apt_onhat_proxy	neo23x0/yara/apt_onhat_proxy.yar		
Rule	neo23x0	neo23x0/apt_op_cleaver	neo23x0/yara/apt_op_cleaver.yar		
Rule	neo23x0	neo23x0/apt_op_cloudhopper	neo23x0/yara/apt_op_cloudhopper.yar		
Rule	neo23x0	neo23x0/apt_op_honeybee	neo23x0/yara/apt_op_honeybee.yar		
Rule	neo23x0	neo23x0/apt_op_shadowhammer	neo23x0/yara/apt_op_shadowhammer.yar		
Rule	neo23x0	neo23x0/apt_op_wocao	neo23x0/yara/apt_op_wocao.yar		
Rule	neo23x0	neo23x0/apt_passcv	neo23x0/yara/apt_passcv.yar		
Rule	neo23x0	neo23x0/apt_passthehashtoolkit	neo23x0/yara/apt_passthehashtoolkit.yar		
Rule	neo23x0	neo23x0/apt_patchwork	neo23x0/yara/apt_patchwork.yar		
Rule	neo23x0	neo23x0/apt_plead_downloader	neo23x0/yara/apt_plead_downloader.yar		
Rule	neo23x0	neo23x0/apt_plugx	neo23x0/yara/apt_plugx.yar		
Rule	neo23x0	neo23x0/apt_poisonivy	neo23x0/yara/apt_poisonivy.yar		
Rule	neo23x0	neo23x0/apt_poisonivy_gen3	neo23x0/yara/apt_poisonivy_gen3.yar		
Rule	neo23x0	neo23x0/apt_poseidon_group	neo23x0/yara/apt_poseidon_group.yar		
Rule	neo23x0	neo23x0/apt_poshspy	neo23x0/yara/apt_poshspy.yar		
Rule	neo23x0	neo23x0/apt_prikormka	neo23x0/yara/apt_prikormka.yar		
Rule	neo23x0	neo23x0/apt_project_m	neo23x0/yara/apt_project_m.yar		
Rule	neo23x0	neo23x0/apt_project_sauron	neo23x0/yara/apt_project_sauron.yara		
Rule	neo23x0	neo23x0/apt_project_sauron_extras	neo23x0/yara/apt_project_sauron_extras.yar		
Rule	neo23x0	neo23x0/apt_promethium_neodymium	neo23x0/yara/apt_promethium_neodymium.yar		
Rule	neo23x0	neo23x0/apt_pulsesecure	neo23x0/yara/apt_pulsesecure.yar		
Rule	neo23x0	neo23x0/apt_putterpanda	neo23x0/yara/apt_putterpanda.yar		
Rule	neo23x0	neo23x0/apt_quarkspwdump	neo23x0/yara/apt_quarkspwdump.yar		
Rule	neo23x0	neo23x0/apt_quasar_rat	neo23x0/yara/apt_quasar_rat.yar		
Rule	neo23x0	neo23x0/apt_quasar_vermin	neo23x0/yara/apt_quasar_vermin.yar		
Rule	neo23x0	neo23x0/apt_rancor	neo23x0/yara/apt_rancor.yar		
Rule	neo23x0	neo23x0/apt_ransom_darkbit_feb23	neo23x0/yara/apt_ransom_darkbit_feb23.yar		
Rule	neo23x0	neo23x0/apt_ransom_vicesociety_dec22	neo23x0/yara/apt_ransom_vicesociety_dec22.yar		
Rule	neo23x0	neo23x0/apt_reaver_sunorcal	neo23x0/yara/apt_reaver_sunorcal.yar		
Rule	neo23x0	neo23x0/apt_rehashed_rat	neo23x0/yara/apt_rehashed_rat.yar		
Rule	neo23x0	neo23x0/apt_revenge_rat	neo23x0/yara/apt_revenge_rat.yar		
Rule	neo23x0	neo23x0/apt_rocketkitten_keylogger	neo23x0/yara/apt_rocketkitten_keylogger.yar		
Rule	neo23x0	neo23x0/apt_rokrat	neo23x0/yara/apt_rokrat.yar		
Rule	neo23x0	neo23x0/apt_royalroad	neo23x0/yara/apt_royalroad.yar		
Rule	neo23x0	neo23x0/apt_ru_crywiper	neo23x0/yara/apt_ru_crywiper.yar		
Rule	neo23x0	neo23x0/apt_ruag	neo23x0/yara/apt_ruag.yar		
Rule	neo23x0	neo23x0/apt_rwmc_powershell_creddump	neo23x0/yara/apt_rwmc_powershell_creddump.yar		
Rule	neo23x0	neo23x0/apt_sakula	neo23x0/yara/apt_sakula.yar		
Rule	neo23x0	neo23x0/apt_sandworm_centreon	neo23x0/yara/apt_sandworm_centreon.yar		
Rule	neo23x0	neo23x0/apt_sandworm_cyclops_blink	neo23x0/yara/apt_sandworm_cyclops_blink.yar		
Rule	neo23x0	neo23x0/apt_sandworm_exim_expl	neo23x0/yara/apt_sandworm_exim_expl.yar		
Rule	neo23x0	neo23x0/apt_saudi_aramco_phish	neo23x0/yara/apt_saudi_aramco_phish.yar		
Rule	neo23x0	neo23x0/apt_scanbox_deeppanda	neo23x0/yara/apt_scanbox_deeppanda.yar		
Rule	neo23x0	neo23x0/apt_scarcruft	neo23x0/yara/apt_scarcruft.yar		
Rule	neo23x0	neo23x0/apt_seaduke_unit42	neo23x0/yara/apt_seaduke_unit42.yar		
Rule	neo23x0	neo23x0/apt_sednit_delphidownloader	neo23x0/yara/apt_sednit_delphidownloader.yar		
Rule	neo23x0	neo23x0/apt_servantshell	neo23x0/yara/apt_servantshell.yar		
Rule	neo23x0	neo23x0/apt_shadowpad	neo23x0/yara/apt_shadowpad.yar		
Rule	neo23x0	neo23x0/apt_shamoon	neo23x0/yara/apt_shamoon.yar		
Rule	neo23x0	neo23x0/apt_shamoon2	neo23x0/yara/apt_shamoon2.yar		
Rule	neo23x0	neo23x0/apt_sharptongue	neo23x0/yara/apt_sharptongue.yar		
Rule	neo23x0	neo23x0/apt_shellcrew_streamex	neo23x0/yara/apt_shellcrew_streamex.yar		
Rule	neo23x0	neo23x0/apt_sidewinder	neo23x0/yara/apt_sidewinder.yar		
Rule	neo23x0	neo23x0/apt_silence	neo23x0/yara/apt_silence.yar		
Rule	neo23x0	neo23x0/apt_skeletonkey	neo23x0/yara/apt_skeletonkey.yar		
Rule	neo23x0	neo23x0/apt_slingshot	neo23x0/yara/apt_slingshot.yar		
Rule	neo23x0	neo23x0/apt_snaketurla_osx	neo23x0/yara/apt_snaketurla_osx.yar		
Rule	neo23x0	neo23x0/apt_snowglobe_babar	neo23x0/yara/apt_snowglobe_babar.yar		
Rule	neo23x0	neo23x0/apt_sofacy	neo23x0/yara/apt_sofacy.yar		
Rule	neo23x0	neo23x0/apt_sofacy_cannon	neo23x0/yara/apt_sofacy_cannon.yar		
Rule	neo23x0	neo23x0/apt_sofacy_dec15	neo23x0/yara/apt_sofacy_dec15.yar		
Rule	neo23x0	neo23x0/apt_sofacy_fysbis	neo23x0/yara/apt_sofacy_fysbis.yar		
Rule	neo23x0	neo23x0/apt_sofacy_hospitality	neo23x0/yara/apt_sofacy_hospitality.yar		
Rule	neo23x0	neo23x0/apt_sofacy_jun16	neo23x0/yara/apt_sofacy_jun16.yar		
Rule	neo23x0	neo23x0/apt_sofacy_oct17_camp	neo23x0/yara/apt_sofacy_oct17_camp.yar		
Rule	neo23x0	neo23x0/apt_sofacy_xtunnel_bundestag	neo23x0/yara/apt_sofacy_xtunnel_bundestag.yar		
Rule	neo23x0	neo23x0/apt_sofacy_zebrocy	neo23x0/yara/apt_sofacy_zebrocy.yar		
Rule	neo23x0	neo23x0/apt_solarwinds_sunburst	neo23x0/yara/apt_solarwinds_sunburst.yar		
Rule	neo23x0	neo23x0/apt_solarwinds_susp_sunburst	neo23x0/yara/apt_solarwinds_susp_sunburst.yar		
Rule	neo23x0	neo23x0/apt_sphinx_moth	neo23x0/yara/apt_sphinx_moth.yar		
Rule	neo23x0	neo23x0/apt_stealer_cisa_ar22_277a	neo23x0/yara/apt_stealer_cisa_ar22_277a.yar		
Rule	neo23x0	neo23x0/apt_stonedrill	neo23x0/yara/apt_stonedrill.yar		
Rule	neo23x0	neo23x0/apt_strider	neo23x0/yara/apt_strider.yara		
Rule	neo23x0	neo23x0/apt_stuxnet	neo23x0/yara/apt_stuxnet.yar		
Rule	neo23x0	neo23x0/apt_stuxshop	neo23x0/yara/apt_stuxshop.yar		
Rule	neo23x0	neo23x0/apt_suckfly	neo23x0/yara/apt_suckfly.yar		
Rule	neo23x0	neo23x0/apt_sunspot	neo23x0/yara/apt_sunspot.yar		
Rule	neo23x0	neo23x0/apt_sysscan	neo23x0/yara/apt_sysscan.yar		
Rule	neo23x0	neo23x0/apt_ta17_293A	neo23x0/yara/apt_ta17_293A.yar		
Rule	neo23x0	neo23x0/apt_ta17_318A	neo23x0/yara/apt_ta17_318A.yar		
Rule	neo23x0	neo23x0/apt_ta17_318B	neo23x0/yara/apt_ta17_318B.yar		
Rule	neo23x0	neo23x0/apt_ta18_074A	neo23x0/yara/apt_ta18_074A.yar		
Rule	neo23x0	neo23x0/apt_ta18_149A	neo23x0/yara/apt_ta18_149A.yar		
Rule	neo23x0	neo23x0/apt_ta459	neo23x0/yara/apt_ta459.yar		
Rule	neo23x0	neo23x0/apt_telebots	neo23x0/yara/apt_telebots.yar		
Rule	neo23x0	neo23x0/apt_terracotta	neo23x0/yara/apt_terracotta.yar		
Rule	neo23x0	neo23x0/apt_terracotta_liudoor	neo23x0/yara/apt_terracotta_liudoor.yar		
Rule	neo23x0	neo23x0/apt_tetris	neo23x0/yara/apt_tetris.yar		
Rule	neo23x0	neo23x0/apt_threatgroup_3390	neo23x0/yara/apt_threatgroup_3390.yar		
Rule	neo23x0	neo23x0/apt_thrip	neo23x0/yara/apt_thrip.yar		
Rule	neo23x0	neo23x0/apt_tick_datper	neo23x0/yara/apt_tick_datper.yar		
Rule	neo23x0	neo23x0/apt_tick_weaponized_usb	neo23x0/yara/apt_tick_weaponized_usb.yar		
Rule	neo23x0	neo23x0/apt_tidepool	neo23x0/yara/apt_tidepool.yar		
Rule	neo23x0	neo23x0/apt_tophat	neo23x0/yara/apt_tophat.yar		
Rule	neo23x0	neo23x0/apt_triton	neo23x0/yara/apt_triton.yar		
Rule	neo23x0	neo23x0/apt_triton_mal_sshdoor	neo23x0/yara/apt_triton_mal_sshdoor.yar		
Rule	neo23x0	neo23x0/apt_turbo_campaign	neo23x0/yara/apt_turbo_campaign.yar		
Rule	neo23x0	neo23x0/apt_turla	neo23x0/yara/apt_turla.yar		
Rule	neo23x0	neo23x0/apt_turla_gazer	neo23x0/yara/apt_turla_gazer.yar		
Rule	neo23x0	neo23x0/apt_turla_kazuar	neo23x0/yara/apt_turla_kazuar.yar		
Rule	neo23x0	neo23x0/apt_turla_mosquito	neo23x0/yara/apt_turla_mosquito.yar		
Rule	neo23x0	neo23x0/apt_turla_neuron	neo23x0/yara/apt_turla_neuron.yar		
Rule	neo23x0	neo23x0/apt_turla_penquin	neo23x0/yara/apt_turla_penquin.yar		
Rule	neo23x0	neo23x0/apt_turla_png_dropper_nov18	neo23x0/yara/apt_turla_png_dropper_nov18.yar		
Rule	neo23x0	neo23x0/apt_ua_caddywiper	neo23x0/yara/apt_ua_caddywiper.yar		
Rule	neo23x0	neo23x0/apt_ua_hermetic_wiper	neo23x0/yara/apt_ua_hermetic_wiper.yar		
Rule	neo23x0	neo23x0/apt_ua_isaacwiper	neo23x0/yara/apt_ua_isaacwiper.yar		
Rule	neo23x0	neo23x0/apt_ua_wiper_whispergate	neo23x0/yara/apt_ua_wiper_whispergate.yar		
Rule	neo23x0	neo23x0/apt_uboat_rat	neo23x0/yara/apt_uboat_rat.yar		
Rule	neo23x0	neo23x0/apt_unc1151_ua	neo23x0/yara/apt_unc1151_ua.yar		
Rule	neo23x0	neo23x0/apt_unc2447_sombrat	neo23x0/yara/apt_unc2447_sombrat.yar		
Rule	neo23x0	neo23x0/apt_unc2546_dewmode	neo23x0/yara/apt_unc2546_dewmode.yar		
Rule	neo23x0	neo23x0/apt_unc2891_mal_jan23	neo23x0/yara/apt_unc2891_mal_jan23.yar		
Rule	neo23x0	neo23x0/apt_unc3886_virtualpita	neo23x0/yara/apt_unc3886_virtualpita.yar		
Rule	neo23x0	neo23x0/apt_unit78020_malware	neo23x0/yara/apt_unit78020_malware.yar		
Rule	neo23x0	neo23x0/apt_uscert_ta17_1117a	neo23x0/yara/apt_uscert_ta17-1117a.yar		
Rule	neo23x0	neo23x0/apt_venom_linux_rootkit	neo23x0/yara/apt_venom_linux_rootkit.yar		
Rule	neo23x0	neo23x0/apt_volatile_cedar	neo23x0/yara/apt_volatile_cedar.yar		
Rule	neo23x0	neo23x0/apt_vpnfilter	neo23x0/yara/apt_vpnfilter.yar		
Rule	neo23x0	neo23x0/apt_waterbear	neo23x0/yara/apt_waterbear.yar		
Rule	neo23x0	neo23x0/apt_waterbug	neo23x0/yara/apt_waterbug.yar		
Rule	neo23x0	neo23x0/apt_webmonitor_rat	neo23x0/yara/apt_webmonitor_rat.yar		
Rule	neo23x0	neo23x0/apt_webshell_chinachopper	neo23x0/yara/apt_webshell_chinachopper.yar		
Rule	neo23x0	neo23x0/apt_wildneutron	neo23x0/yara/apt_wildneutron.yar		
Rule	neo23x0	neo23x0/apt_wilted_tulip	neo23x0/yara/apt_wilted_tulip.yar		
Rule	neo23x0	neo23x0/apt_win_plugx	neo23x0/yara/apt_win_plugx.yar		
Rule	neo23x0	neo23x0/apt_winnti	neo23x0/yara/apt_winnti.yar		
Rule	neo23x0	neo23x0/apt_winnti_br	neo23x0/yara/apt_winnti_br.yar		
Rule	neo23x0	neo23x0/apt_winnti_burning_umbrella	neo23x0/yara/apt_winnti_burning_umbrella.yar		
Rule	neo23x0	neo23x0/apt_winnti_hdroot	neo23x0/yara/apt_winnti_hdroot.yar		
Rule	neo23x0	neo23x0/apt_winnti_linux	neo23x0/yara/apt_winnti_linux.yar		
Rule	neo23x0	neo23x0/apt_winnti_ms_report_201701	neo23x0/yara/apt_winnti_ms_report_201701.yar		
Rule	neo23x0	neo23x0/apt_woolengoldfish	neo23x0/yara/apt_woolengoldfish.yar		
Rule	neo23x0	neo23x0/apt_xrat	neo23x0/yara/apt_xrat.yar		
Rule	neo23x0	neo23x0/apt_zxshell	neo23x0/yara/apt_zxshell.yar		
Rule	neo23x0	neo23x0/cn_pentestset_scripts	neo23x0/yara/cn_pentestset_scripts.yar		
Rule	neo23x0	neo23x0/cn_pentestset_tools	neo23x0/yara/cn_pentestset_tools.yar		
Rule	neo23x0	neo23x0/cn_pentestset_webshells	neo23x0/yara/cn_pentestset_webshells.yar		
Rule	neo23x0	neo23x0/configured_vulns_ext_vars	neo23x0/yara/configured_vulns_ext_vars.yar		
Rule	neo23x0	neo23x0/crime_academic_data_centers_camp_may20	neo23x0/yara/crime_academic_data_centers_camp_may20.yar		
Rule	neo23x0	neo23x0/crime_andromeda_jun17	neo23x0/yara/crime_andromeda_jun17.yar		
Rule	neo23x0	neo23x0/crime_antifw_installrex	neo23x0/yara/crime_antifw_installrex.yar		
Rule	neo23x0	neo23x0/crime_atm_dispenserxfs	neo23x0/yara/crime_atm_dispenserxfs.yar		
Rule	neo23x0	neo23x0/crime_atm_javadipcash	neo23x0/yara/crime_atm_javadipcash.yar		
Rule	neo23x0	neo23x0/crime_atm_loup	neo23x0/yara/crime_atm_loup.yar		
Rule	neo23x0	neo23x0/crime_atm_xfsadm	neo23x0/yara/crime_atm_xfsadm.yar		
Rule	neo23x0	neo23x0/crime_atm_xfscashncr	neo23x0/yara/crime_atm_xfscashncr.yar		
Rule	neo23x0	neo23x0/crime_bad_patch	neo23x0/yara/crime_bad_patch.yar		
Rule	neo23x0	neo23x0/crime_badrabbit	neo23x0/yara/crime_badrabbit.yar		
Rule	neo23x0	neo23x0/crime_bazarbackdoor	neo23x0/yara/crime_bazarbackdoor.yar		
Rule	neo23x0	neo23x0/crime_bernhard_pos	neo23x0/yara/crime_bernhard_pos.yar		
Rule	neo23x0	neo23x0/crime_bluenoroff_pos	neo23x0/yara/crime_bluenoroff_pos.yar		
Rule	neo23x0	neo23x0/crime_buzus_softpulse	neo23x0/yara/crime_buzus_softpulse.yar		
Rule	neo23x0	neo23x0/crime_cmstar	neo23x0/yara/crime_cmstar.yar		
Rule	neo23x0	neo23x0/crime_cn_campaign_njrat	neo23x0/yara/crime_cn_campaign_njrat.yar		
Rule	neo23x0	neo23x0/crime_cn_group_btc	neo23x0/yara/crime_cn_group_btc.yar		
Rule	neo23x0	neo23x0/crime_cobalt_gang_pdf	neo23x0/yara/crime_cobalt_gang_pdf.yar		
Rule	neo23x0	neo23x0/crime_cobaltgang	neo23x0/yara/crime_cobaltgang.yar		
Rule	neo23x0	neo23x0/crime_corkow_dll	neo23x0/yara/crime_corkow_dll.yar		
Rule	neo23x0	neo23x0/crime_covid_ransom	neo23x0/yara/crime_covid_ransom.yar		
Rule	neo23x0	neo23x0/crime_credstealer_generic	neo23x0/yara/crime_credstealer_generic.yar		
Rule	neo23x0	neo23x0/crime_crypto_miner	neo23x0/yara/crime_crypto_miner.yar		
Rule	neo23x0	neo23x0/crime_cryptowall_svg	neo23x0/yara/crime_cryptowall_svg.yar		
Rule	neo23x0	neo23x0/crime_dearcry_ransom	neo23x0/yara/crime_dearcry_ransom.yar		
Rule	neo23x0	neo23x0/crime_dexter_trojan	neo23x0/yara/crime_dexter_trojan.yar		
Rule	neo23x0	neo23x0/crime_dridex_xml	neo23x0/yara/crime_dridex_xml.yar		
Rule	neo23x0	neo23x0/crime_emotet	neo23x0/yara/crime_emotet.yar		
Rule	neo23x0	neo23x0/crime_enfal	neo23x0/yara/crime_enfal.yar		
Rule	neo23x0	neo23x0/crime_envrial	neo23x0/yara/crime_envrial.yar		
Rule	neo23x0	neo23x0/crime_eternalrocks	neo23x0/yara/crime_eternalrocks.yar		
Rule	neo23x0	neo23x0/crime_evilcorp_dridex_banker	neo23x0/yara/crime_evilcorp_dridex_banker.yar		
Rule	neo23x0	neo23x0/crime_fareit	neo23x0/yara/crime_fareit.yar		
Rule	neo23x0	neo23x0/crime_fireball	neo23x0/yara/crime_fireball.yar		
Rule	neo23x0	neo23x0/crime_floxif_flystudio	neo23x0/yara/crime_floxif_flystudio.yar		
Rule	neo23x0	neo23x0/crime_gamaredon	neo23x0/yara/crime_gamaredon.yar		
Rule	neo23x0	neo23x0/crime_goldeneye	neo23x0/yara/crime_goldeneye.yar		
Rule	neo23x0	neo23x0/crime_gozi_crypter	neo23x0/yara/crime_gozi_crypter.yar		
Rule	neo23x0	neo23x0/crime_guloader	neo23x0/yara/crime_guloader.yar		
Rule	neo23x0	neo23x0/crime_h2miner_kinsing	neo23x0/yara/crime_h2miner_kinsing.yar		
Rule	neo23x0	neo23x0/crime_hermes_ransom	neo23x0/yara/crime_hermes_ransom.yar		
Rule	neo23x0	neo23x0/crime_icedid	neo23x0/yara/crime_icedid.yar		
Rule	neo23x0	neo23x0/crime_kasper_oct17	neo23x0/yara/crime_kasper_oct17.yar		
Rule	neo23x0	neo23x0/crime_kins_dropper	neo23x0/yara/crime_kins_dropper.yar		
Rule	neo23x0	neo23x0/crime_kr_malware	neo23x0/yara/crime_kr_malware.yar		
Rule	neo23x0	neo23x0/crime_kraken_bot1	neo23x0/yara/crime_kraken_bot1.yar		
Rule	neo23x0	neo23x0/crime_kriskynote	neo23x0/yara/crime_kriskynote.yar		
Rule	neo23x0	neo23x0/crime_locky	neo23x0/yara/crime_locky.yar		
Rule	neo23x0	neo23x0/crime_loki_bot	neo23x0/yara/crime_loki_bot.yar		
Rule	neo23x0	neo23x0/crime_mal_grandcrab	neo23x0/yara/crime_mal_grandcrab.yar		
Rule	neo23x0	neo23x0/crime_mal_nitol	neo23x0/yara/crime_mal_nitol.yar		
Rule	neo23x0	neo23x0/crime_mal_ransom_wadharma	neo23x0/yara/crime_mal_ransom_wadharma.yar		
Rule	neo23x0	neo23x0/crime_malumpos	neo23x0/yara/crime_malumpos.yar		
Rule	neo23x0	neo23x0/crime_malware_generic	neo23x0/yara/crime_malware_generic.yar		
Rule	neo23x0	neo23x0/crime_malware_set_oct16	neo23x0/yara/crime_malware_set_oct16.yar		
Rule	neo23x0	neo23x0/crime_maze_ransomware	neo23x0/yara/crime_maze_ransomware.yar		
Rule	neo23x0	neo23x0/crime_mikey_trojan	neo23x0/yara/crime_mikey_trojan.yar		
Rule	neo23x0	neo23x0/crime_mirai	neo23x0/yara/crime_mirai.yar		
Rule	neo23x0	neo23x0/crime_mywscript_dropper	neo23x0/yara/crime_mywscript_dropper.yar		
Rule	neo23x0	neo23x0/crime_nansh0u	neo23x0/yara/crime_nansh0u.yar		
Rule	neo23x0	neo23x0/crime_nkminer	neo23x0/yara/crime_nkminer.yar		
Rule	neo23x0	neo23x0/crime_nopetya_jun17	neo23x0/yara/crime_nopetya_jun17.yar		
Rule	neo23x0	neo23x0/crime_ole_loadswf_cve_2018_4878	neo23x0/yara/crime_ole_loadswf_cve_2018_4878.yar		
Rule	neo23x0	neo23x0/crime_parallax_rat	neo23x0/yara/crime_parallax_rat.yar		
Rule	neo23x0	neo23x0/crime_phish_gina_dec15	neo23x0/yara/crime_phish_gina_dec15.yar		
Rule	neo23x0	neo23x0/crime_ransom_conti	neo23x0/yara/crime_ransom_conti.yar		
Rule	neo23x0	neo23x0/crime_ransom_darkside	neo23x0/yara/crime_ransom_darkside.yar		
Rule	neo23x0	neo23x0/crime_ransom_generic	neo23x0/yara/crime_ransom_generic.yar		
Rule	neo23x0	neo23x0/crime_ransom_germanwiper	neo23x0/yara/crime_ransom_germanwiper.yar		
Rule	neo23x0	neo23x0/crime_ransom_lockergoga	neo23x0/yara/crime_ransom_lockergoga.yar		
Rule	neo23x0	neo23x0/crime_ransom_prolock	neo23x0/yara/crime_ransom_prolock.yar		
Rule	neo23x0	neo23x0/crime_ransom_ragna_locker	neo23x0/yara/crime_ransom_ragna_locker.yar		
Rule	neo23x0	neo23x0/crime_ransom_revil	neo23x0/yara/crime_ransom_revil.yar		
Rule	neo23x0	neo23x0/crime_ransom_robinhood	neo23x0/yara/crime_ransom_robinhood.yar		
Rule	neo23x0	neo23x0/crime_ransom_stealbit_lockbit	neo23x0/yara/crime_ransom_stealbit_lockbit.yar		
Rule	neo23x0	neo23x0/crime_ransom_venus	neo23x0/yara/crime_ransom_venus.yar		
Rule	neo23x0	neo23x0/crime_rat_parallax	neo23x0/yara/crime_rat_parallax.yar		
Rule	neo23x0	neo23x0/crime_revil_general	neo23x0/yara/crime_revil_general.yar		
Rule	neo23x0	neo23x0/crime_rombertik_carbongrabber	neo23x0/yara/crime_rombertik_carbongrabber.yar		
Rule	neo23x0	neo23x0/crime_ryuk_ransomware	neo23x0/yara/crime_ryuk_ransomware.yar		
Rule	neo23x0	neo23x0/crime_shifu_trojan	neo23x0/yara/crime_shifu_trojan.yar		
Rule	neo23x0	neo23x0/crime_snarasite	neo23x0/yara/crime_snarasite.yar		
Rule	neo23x0	neo23x0/crime_socgholish	neo23x0/yara/crime_socgholish.yar		
Rule	neo23x0	neo23x0/crime_stealer_exfil_zip	neo23x0/yara/crime_stealer_exfil_zip.yar		
Rule	neo23x0	neo23x0/crime_teledoor	neo23x0/yara/crime_teledoor.yar		
Rule	neo23x0	neo23x0/crime_trickbot	neo23x0/yara/crime_trickbot.yar		
Rule	neo23x0	neo23x0/crime_upatre_oct15	neo23x0/yara/crime_upatre_oct15.yar		
Rule	neo23x0	neo23x0/crime_wannacry	neo23x0/yara/crime_wannacry.yar		
Rule	neo23x0	neo23x0/crime_wsh_rat	neo23x0/yara/crime_wsh_rat.yar		
Rule	neo23x0	neo23x0/crime_xbash	neo23x0/yara/crime_xbash.yar		
Rule	neo23x0	neo23x0/crime_zeus_panda	neo23x0/yara/crime_zeus_panda.yar		
Rule	neo23x0	neo23x0/crime_zloader_maldocs	neo23x0/yara/crime_zloader_maldocs.yar		
Rule	neo23x0	neo23x0/expl_adselfservice_cve_2021_40539	neo23x0/yara/expl_adselfservice_cve_2021_40539.yar		
Rule	neo23x0	neo23x0/expl_cve_2021_1647	neo23x0/yara/expl_cve_2021_1647.yar		
Rule	neo23x0	neo23x0/expl_cve_2021_26084_confluence_log	neo23x0/yara/expl_cve_2021_26084_confluence_log.yar		
Rule	neo23x0	neo23x0/expl_cve_2021_40444	neo23x0/yara/expl_cve_2021_40444.yar		
Rule	neo23x0	neo23x0/expl_cve_2022_41040_proxynoshell	neo23x0/yara/expl_cve_2022_41040_proxynoshell.yar		
Rule	neo23x0	neo23x0/expl_cve_2022_46169_cacti	neo23x0/yara/expl_cve_2022_46169_cacti.yar		
Rule	neo23x0	neo23x0/expl_keepass_cve_2023_24055	neo23x0/yara/expl_keepass_cve_2023_24055.yar		
Rule	neo23x0	neo23x0/expl_log4j_cve_2021_44228	neo23x0/yara/expl_log4j_cve_2021_44228.yar		
Rule	neo23x0	neo23x0/expl_macos_switcharoo_dec22	neo23x0/yara/expl_macos_switcharoo_dec22.yar		
Rule	neo23x0	neo23x0/expl_manageengine_jan23	neo23x0/yara/expl_manageengine_jan23.yar		
Rule	neo23x0	neo23x0/expl_outlook_cve_2023_23397	neo23x0/yara/expl_outlook_cve_2023_23397.yar		
Rule	neo23x0	neo23x0/expl_proxynotshell_owassrf_dec22	neo23x0/yara/expl_proxynotshell_owassrf_dec22.yar		
Rule	neo23x0	neo23x0/expl_proxyshell	neo23x0/yara/expl_proxyshell.yar		
Rule	neo23x0	neo23x0/expl_spring4shell	neo23x0/yara/expl_spring4shell.yar		
Rule	neo23x0	neo23x0/exploit_cve_2014_4076	neo23x0/yara/exploit_cve_2014_4076.yar		
Rule	neo23x0	neo23x0/exploit_cve_2015_1674	neo23x0/yara/exploit_cve_2015_1674.yar		
Rule	neo23x0	neo23x0/exploit_cve_2015_1701	neo23x0/yara/exploit_cve_2015_1701.yar		
Rule	neo23x0	neo23x0/exploit_cve_2015_2426	neo23x0/yara/exploit_cve_2015_2426.yar		
Rule	neo23x0	neo23x0/exploit_cve_2015_2545	neo23x0/yara/exploit_cve_2015_2545.yar		
Rule	neo23x0	neo23x0/exploit_cve_2015_5119	neo23x0/yara/exploit_cve_2015_5119.yar		
Rule	neo23x0	neo23x0/exploit_cve_2017_8759	neo23x0/yara/exploit_cve_2017_8759.yar		
Rule	neo23x0	neo23x0/exploit_cve_2017_9800	neo23x0/yara/exploit_cve_2017_9800.yar		
Rule	neo23x0	neo23x0/exploit_cve_2017_11882	neo23x0/yara/exploit_cve_2017_11882.yar		
Rule	neo23x0	neo23x0/exploit_cve_2018_0802	neo23x0/yara/exploit_cve_2018_0802.yar		
Rule	neo23x0	neo23x0/exploit_cve_2018_16858	neo23x0/yara/exploit_cve_2018_16858.yar		
Rule	neo23x0	neo23x0/exploit_cve_2021_31166	neo23x0/yara/exploit_cve_2021_31166.yar		
Rule	neo23x0	neo23x0/exploit_cve_2021_33766_proxytoken	neo23x0/yara/exploit_cve_2021_33766_proxytoken.yar		
Rule	neo23x0	neo23x0/exploit_cve_2022_22954_vmware_workspace_one	neo23x0/yara/exploit_cve_2022_22954_vmware_workspace_one.yar		
Rule	neo23x0	neo23x0/exploit_f5_bigip_cve_2021_22986_log	neo23x0/yara/exploit_f5_bigip_cve_2021_22986_log.yar		
Rule	neo23x0	neo23x0/exploit_gitlab_cve_2021_22205	neo23x0/yara/exploit_gitlab_cve_2021_22205.yar		
Rule	neo23x0	neo23x0/exploit_rtf_ole2link	neo23x0/yara/exploit_rtf_ole2link.yar		
Rule	neo23x0	neo23x0/exploit_shitrix	neo23x0/yara/exploit_shitrix.yar		
Rule	neo23x0	neo23x0/exploit_tlb_scripts	neo23x0/yara/exploit_tlb_scripts.yar		
Rule	neo23x0	neo23x0/exploit_uac_elevators	neo23x0/yara/exploit_uac_elevators.yar		
Rule	neo23x0	neo23x0/gen_100days_of_yara_2023	neo23x0/yara/gen_100days_of_yara_2023.yar		
Rule	neo23x0	neo23x0/gen_ace_with_exe	neo23x0/yara/gen_ace_with_exe.yar		
Rule	neo23x0	neo23x0/gen_anomalies_keyword_combos	neo23x0/yara/gen_anomalies_keyword_combos.yar		
Rule	neo23x0	neo23x0/gen_armitage	neo23x0/yara/gen_armitage.yar		
Rule	neo23x0	neo23x0/gen_autocad_lsp_malware	neo23x0/yara/gen_autocad_lsp_malware.yar		
Rule	neo23x0	neo23x0/gen_b374k_extra	neo23x0/yara/gen_b374k_extra.yar		
Rule	neo23x0	neo23x0/gen_bad_pdf	neo23x0/yara/gen_bad_pdf.yar		
Rule	neo23x0	neo23x0/gen_case_anomalies	neo23x0/yara/gen_case_anomalies.yar		
Rule	neo23x0	neo23x0/gen_cert_payloads	neo23x0/yara/gen_cert_payloads.yar		
Rule	neo23x0	neo23x0/gen_chaos_payload	neo23x0/yara/gen_chaos_payload.yar		
Rule	neo23x0	neo23x0/gen_cmd_script_obfuscated	neo23x0/yara/gen_cmd_script_obfuscated.yar		
Rule	neo23x0	neo23x0/gen_cn_hacktool_scripts	neo23x0/yara/gen_cn_hacktool_scripts.yar		
Rule	neo23x0	neo23x0/gen_cn_hacktools	neo23x0/yara/gen_cn_hacktools.yar		
Rule	neo23x0	neo23x0/gen_cn_webshells	neo23x0/yara/gen_cn_webshells.yar		
Rule	neo23x0	neo23x0/gen_cobaltstrike	neo23x0/yara/gen_cobaltstrike.yar		
Rule	neo23x0	neo23x0/gen_cobaltstrike_by_avast	neo23x0/yara/gen_cobaltstrike_by_avast.yar		
Rule	neo23x0	neo23x0/gen_crime_bitpaymer	neo23x0/yara/gen_crime_bitpaymer.yar		
Rule	neo23x0	neo23x0/gen_crimson_rat	neo23x0/yara/gen_crimson_rat.yar		
Rule	neo23x0	neo23x0/gen_crunchrat	neo23x0/yara/gen_crunchrat.yar		
Rule	neo23x0	neo23x0/gen_dde_in_office_docs	neo23x0/yara/gen_dde_in_office_docs.yar		
Rule	neo23x0	neo23x0/gen_deviceguard_evasion	neo23x0/yara/gen_deviceguard_evasion.yar		
Rule	neo23x0	neo23x0/gen_doc_follina	neo23x0/yara/gen_doc_follina.yar		
Rule	neo23x0	neo23x0/gen_dropper_pdb	neo23x0/yara/gen_dropper_pdb.yar		
Rule	neo23x0	neo23x0/gen_elf_file_anomalies	neo23x0/yara/gen_elf_file_anomalies.yar		
Rule	neo23x0	neo23x0/gen_empire	neo23x0/yara/gen_empire.yar		
Rule	neo23x0	neo23x0/gen_enigma_protector	neo23x0/yara/gen_enigma_protector.yar		
Rule	neo23x0	neo23x0/gen_event_mute_hook	neo23x0/yara/gen_event_mute_hook.yar		
Rule	neo23x0	neo23x0/gen_excel_auto_open_evasion	neo23x0/yara/gen_excel_auto_open_evasion.yar		
Rule	neo23x0	neo23x0/gen_excel_xll_addin_suspicious	neo23x0/yara/gen_excel_xll_addin_suspicious.yar		
Rule	neo23x0	neo23x0/gen_excel_xor_obfuscation_velvetsweatshop	neo23x0/yara/gen_excel_xor_obfuscation_velvetsweatshop.yar		
Rule	neo23x0	neo23x0/gen_Excel4Macro_Sharpshooter	neo23x0/yara/gen_Excel4Macro_Sharpshooter.yar		
Rule	neo23x0	neo23x0/gen_exploit_cve_2017_10271_weblogic	neo23x0/yara/gen_exploit_cve_2017_10271_weblogic.yar		
Rule	neo23x0	neo23x0/gen_faked_versions	neo23x0/yara/gen_faked_versions.yar		
Rule	neo23x0	neo23x0/gen_file_anomalies	neo23x0/yara/gen_file_anomalies.yar		
Rule	neo23x0	neo23x0/gen_fireeye_redteam_tools	neo23x0/yara/gen_fireeye_redteam_tools.yar		
Rule	neo23x0	neo23x0/gen_floxif	neo23x0/yara/gen_floxif.yar		
Rule	neo23x0	neo23x0/gen_frp_proxy	neo23x0/yara/gen_frp_proxy.yar		
Rule	neo23x0	neo23x0/gen_gcti_cobaltstrike	neo23x0/yara/gen_gcti_cobaltstrike.yar		
Rule	neo23x0	neo23x0/gen_gcti_sliver	neo23x0/yara/gen_gcti_sliver.yar		
Rule	neo23x0	neo23x0/gen_gen_cactustorch	neo23x0/yara/gen_gen_cactustorch.yar		
Rule	neo23x0	neo23x0/gen_github_net_redteam_tools_guids	neo23x0/yara/gen_github_net_redteam_tools_guids.yar		
Rule	neo23x0	neo23x0/gen_github_net_redteam_tools_names	neo23x0/yara/gen_github_net_redteam_tools_names.yar		
Rule	neo23x0	neo23x0/gen_github_repo_compromise_myjino_ru	neo23x0/yara/gen_github_repo_compromise_myjino_ru.yar		
Rule	neo23x0	neo23x0/gen_gobfuscate	neo23x0/yara/gen_gobfuscate.yar		
Rule	neo23x0	neo23x0/gen_google_anomaly	neo23x0/yara/gen_google_anomaly.yar		
Rule	neo23x0	neo23x0/gen_gpp_cpassword	neo23x0/yara/gen_gpp_cpassword.yar		
Rule	neo23x0	neo23x0/gen_hawkeye	neo23x0/yara/gen_hawkeye.yar		
Rule	neo23x0	neo23x0/gen_hktl_koh_tokenstealer	neo23x0/yara/gen_hktl_koh_tokenstealer.yar		
Rule	neo23x0	neo23x0/gen_hktl_roothelper	neo23x0/yara/gen_hktl_roothelper.yar		
Rule	neo23x0	neo23x0/gen_hktl_venom_lib	neo23x0/yara/gen_hktl_venom_lib.yar		
Rule	neo23x0	neo23x0/gen_hta_anomalies	neo23x0/yara/gen_hta_anomalies.yar		
Rule	neo23x0	neo23x0/gen_hunting_susp_rar	neo23x0/yara/gen_hunting_susp_rar.yar		
Rule	neo23x0	neo23x0/gen_icon_anomalies	neo23x0/yara/gen_icon_anomalies.yar		
Rule	neo23x0	neo23x0/gen_impacket_tools	neo23x0/yara/gen_impacket_tools.yar		
Rule	neo23x0	neo23x0/gen_imphash_detection	neo23x0/yara/gen_imphash_detection.yar		
Rule	neo23x0	neo23x0/gen_invoke_mimikatz	neo23x0/yara/gen_invoke_mimikatz.yar		
Rule	neo23x0	neo23x0/gen_invoke_psimage	neo23x0/yara/gen_invoke_psimage.yar		
Rule	neo23x0	neo23x0/gen_invoke_thehash	neo23x0/yara/gen_invoke_thehash.yar		
Rule	neo23x0	neo23x0/gen_javascript_powershell	neo23x0/yara/gen_javascript_powershell.yar		
Rule	neo23x0	neo23x0/gen_kerberoast	neo23x0/yara/gen_kerberoast.yar		
Rule	neo23x0	neo23x0/gen_khepri	neo23x0/yara/gen_khepri.yar		
Rule	neo23x0	neo23x0/gen_kirbi_mimkatz	neo23x0/yara/gen_kirbi_mimkatz.yar		
Rule	neo23x0	neo23x0/gen_lnx_malware_indicators	neo23x0/yara/gen_lnx_malware_indicators.yar		
Rule	neo23x0	neo23x0/gen_loaders	neo23x0/yara/gen_loaders.yar		
Rule	neo23x0	neo23x0/gen_macro_builders	neo23x0/yara/gen_macro_builders.yar		
Rule	neo23x0	neo23x0/gen_macro_ShellExecute_action	neo23x0/yara/gen_macro_ShellExecute_action.yar		
Rule	neo23x0	neo23x0/gen_macro_staroffice_suspicious	neo23x0/yara/gen_macro_staroffice_suspicious.yar		
Rule	neo23x0	neo23x0/gen_mal_3cx_compromise_mar23	neo23x0/yara/gen_mal_3cx_compromise_mar23.yar		
Rule	neo23x0	neo23x0/gen_mal_backnet	neo23x0/yara/gen_mal_backnet.yar		
Rule	neo23x0	neo23x0/gen_mal_link	neo23x0/yara/gen_mal_link.yar		
Rule	neo23x0	neo23x0/gen_mal_scripts	neo23x0/yara/gen_mal_scripts.yar		
Rule	neo23x0	neo23x0/gen_maldoc	neo23x0/yara/gen_maldoc.yar		
Rule	neo23x0	neo23x0/gen_malware_MacOS_plist_suspicious	neo23x0/yara/gen_malware_MacOS_plist_suspicious.yar		
Rule	neo23x0	neo23x0/gen_malware_set_qa	neo23x0/yara/gen_malware_set_qa.yar		
Rule	neo23x0	neo23x0/gen_merlin_agent	neo23x0/yara/gen_merlin_agent.yar		
Rule	neo23x0	neo23x0/gen_metasploit_loader_rsmudge	neo23x0/yara/gen_metasploit_loader_rsmudge.yar		
Rule	neo23x0	neo23x0/gen_metasploit_payloads	neo23x0/yara/gen_metasploit_payloads.yar		
Rule	neo23x0	neo23x0/gen_mimikatz	neo23x0/yara/gen_mimikatz.yar		
Rule	neo23x0	neo23x0/gen_mimikittenz	neo23x0/yara/gen_mimikittenz.yar		
Rule	neo23x0	neo23x0/gen_mimipenguin	neo23x0/yara/gen_mimipenguin.yar		
Rule	neo23x0	neo23x0/gen_net_xorstrings	neo23x0/yara/gen_net_xorstrings.yar		
Rule	neo23x0	neo23x0/gen_nighthawk_c2	neo23x0/yara/gen_nighthawk_c2.yar		
Rule	neo23x0	neo23x0/gen_nimpackt	neo23x0/yara/gen_nimpackt.yar		
Rule	neo23x0	neo23x0/gen_nopowershell	neo23x0/yara/gen_nopowershell.yar		
Rule	neo23x0	neo23x0/gen_nvidia_leaked_cert	neo23x0/yara/gen_nvidia_leaked_cert.yar		
Rule	neo23x0	neo23x0/gen_onenote_phish	neo23x0/yara/gen_onenote_phish.yar		
Rule	neo23x0	neo23x0/gen_osx_backdoor_bella	neo23x0/yara/gen_osx_backdoor_bella.yar		
Rule	neo23x0	neo23x0/gen_osx_evilosx	neo23x0/yara/gen_osx_evilosx.yar		
Rule	neo23x0	neo23x0/gen_osx_pyagent_persistence	neo23x0/yara/gen_osx_pyagent_persistence.yar		
Rule	neo23x0	neo23x0/gen_p0wnshell	neo23x0/yara/gen_p0wnshell.yar		
Rule	neo23x0	neo23x0/gen_phish_attachments	neo23x0/yara/gen_phish_attachments.yar		
Rule	neo23x0	neo23x0/gen_pirpi	neo23x0/yara/gen_pirpi.yar		
Rule	neo23x0	neo23x0/gen_powerkatz	neo23x0/yara/gen_powerkatz.yar		
Rule	neo23x0	neo23x0/gen_powershdll	neo23x0/yara/gen_powershdll.yar		
Rule	neo23x0	neo23x0/gen_powershell_empire	neo23x0/yara/gen_powershell_empire.yar		
Rule	neo23x0	neo23x0/gen_powershell_invocation	neo23x0/yara/gen_powershell_invocation.yar		
Rule	neo23x0	neo23x0/gen_powershell_obfuscation	neo23x0/yara/gen_powershell_obfuscation.yar		
Rule	neo23x0	neo23x0/gen_powershell_suite	neo23x0/yara/gen_powershell_suite.yar		
Rule	neo23x0	neo23x0/gen_powershell_susp	neo23x0/yara/gen_powershell_susp.yar		
Rule	neo23x0	neo23x0/gen_powershell_toolkit	neo23x0/yara/gen_powershell_toolkit.yar		
Rule	neo23x0	neo23x0/gen_powersploit_dropper	neo23x0/yara/gen_powersploit_dropper.yar		
Rule	neo23x0	neo23x0/gen_ps_empire_eval	neo23x0/yara/gen_ps_empire_eval.yar		
Rule	neo23x0	neo23x0/gen_ps_osiris	neo23x0/yara/gen_ps_osiris.yar		
Rule	neo23x0	neo23x0/gen_ps1_shellcode	neo23x0/yara/gen_ps1_shellcode.yar		
Rule	neo23x0	neo23x0/gen_pua	neo23x0/yara/gen_pua.yar		
Rule	neo23x0	neo23x0/gen_pupy_rat	neo23x0/yara/gen_pupy_rat.yar		
Rule	neo23x0	neo23x0/gen_python_encoded_adware	neo23x0/yara/gen_python_encoded_adware.yar		
Rule	neo23x0	neo23x0/gen_python_pty_shell	neo23x0/yara/gen_python_pty_shell.yar		
Rule	neo23x0	neo23x0/gen_python_pyminifier_encoded_payload	neo23x0/yara/gen_python_pyminifier_encoded_payload.yar		
Rule	neo23x0	neo23x0/gen_python_reverse_shell	neo23x0/yara/gen_python_reverse_shell.yara		
Rule	neo23x0	neo23x0/gen_rar_exfil	neo23x0/yara/gen_rar_exfil.yar		
Rule	neo23x0	neo23x0/gen_rats_malwareconfig	neo23x0/yara/gen_rats_malwareconfig.yar		
Rule	neo23x0	neo23x0/gen_recon_indicators	neo23x0/yara/gen_recon_indicators.yar		
Rule	neo23x0	neo23x0/gen_redmimicry	neo23x0/yara/gen_redmimicry.yar		
Rule	neo23x0	neo23x0/gen_redsails	neo23x0/yara/gen_redsails.yar		
Rule	neo23x0	neo23x0/gen_regsrv32_issue	neo23x0/yara/gen_regsrv32_issue.yar		
Rule	neo23x0	neo23x0/gen_remote_potato0	neo23x0/yara/gen_remote_potato0.yar		
Rule	neo23x0	neo23x0/gen_rottenpotato	neo23x0/yara/gen_rottenpotato.yar		
Rule	neo23x0	neo23x0/gen_rtf_malver_objects	neo23x0/yara/gen_rtf_malver_objects.yar		
Rule	neo23x0	neo23x0/gen_sfx_with_microsoft_copyright	neo23x0/yara/gen_sfx_with_microsoft_copyright.yar		
Rule	neo23x0	neo23x0/gen_sharpcat	neo23x0/yara/gen_sharpcat.yar		
Rule	neo23x0	neo23x0/gen_shikataganai	neo23x0/yara/gen_shikataganai.yar		
Rule	neo23x0	neo23x0/gen_sign_anomalies	neo23x0/yara/gen_sign_anomalies.yar		
Rule	neo23x0	neo23x0/gen_solarwinds_credential_stealer	neo23x0/yara/gen_solarwinds_credential_stealer.yar		
Rule	neo23x0	neo23x0/gen_susp_bat_aux	neo23x0/yara/gen_susp_bat_aux.yar		
Rule	neo23x0	neo23x0/gen_susp_bat2exe	neo23x0/yara/gen_susp_bat2exe.yar		
Rule	neo23x0	neo23x0/gen_susp_cmd_var_expansion	neo23x0/yara/gen_susp_cmd_var_expansion.yar		
Rule	neo23x0	neo23x0/gen_susp_hacktool	neo23x0/yara/gen_susp_hacktool.yar		
Rule	neo23x0	neo23x0/gen_susp_indicators	neo23x0/yara/gen_susp_indicators.yar		
Rule	neo23x0	neo23x0/gen_susp_js_obfuscatorio	neo23x0/yara/gen_susp_js_obfuscatorio.yar		
Rule	neo23x0	neo23x0/gen_susp_lnk	neo23x0/yara/gen_susp_lnk.yar		
Rule	neo23x0	neo23x0/gen_susp_lnk_files	neo23x0/yara/gen_susp_lnk_files.yar		
Rule	neo23x0	neo23x0/gen_susp_net_msil	neo23x0/yara/gen_susp_net_msil.yar		
Rule	neo23x0	neo23x0/gen_susp_obfuscation	neo23x0/yara/gen_susp_obfuscation.yar		
Rule	neo23x0	neo23x0/gen_susp_office_dropper	neo23x0/yara/gen_susp_office_dropper.yar		
Rule	neo23x0	neo23x0/gen_susp_ps_jab	neo23x0/yara/gen_susp_ps_jab.yar		
Rule	neo23x0	neo23x0/gen_susp_sfx	neo23x0/yara/gen_susp_sfx.yar		
Rule	neo23x0	neo23x0/gen_susp_strings_in_ole	neo23x0/yara/gen_susp_strings_in_ole.yar		
Rule	neo23x0	neo23x0/gen_susp_wer_files	neo23x0/yara/gen_susp_wer_files.yar		
Rule	neo23x0	neo23x0/gen_susp_xor	neo23x0/yara/gen_susp_xor.yar		
Rule	neo23x0	neo23x0/gen_suspicious_InPage_dropper	neo23x0/yara/gen_suspicious_InPage_dropper.yar		
Rule	neo23x0	neo23x0/gen_suspicious_strings	neo23x0/yara/gen_suspicious_strings.yar		
Rule	neo23x0	neo23x0/gen_sysinternals_anomaly	neo23x0/yara/gen_sysinternals_anomaly.yar		
Rule	neo23x0	neo23x0/gen_tempracer	neo23x0/yara/gen_tempracer.yar		
Rule	neo23x0	neo23x0/gen_thumbs_cloaking	neo23x0/yara/gen_thumbs_cloaking.yar		
Rule	neo23x0	neo23x0/gen_transformed_strings	neo23x0/yara/gen_transformed_strings.yar		
Rule	neo23x0	neo23x0/gen_tscookie_rat	neo23x0/yara/gen_tscookie_rat.yar		
Rule	neo23x0	neo23x0/gen_unicorn_obfuscated_powershell	neo23x0/yara/gen_unicorn_obfuscated_powershell.yar		
Rule	neo23x0	neo23x0/gen_unspecified_malware	neo23x0/yara/gen_unspecified_malware.yar		
Rule	neo23x0	neo23x0/gen_url_persitence	neo23x0/yara/gen_url_persitence.yar		
Rule	neo23x0	neo23x0/gen_url_to_local_exe	neo23x0/yara/gen_url_to_local_exe.yar		
Rule	neo23x0	neo23x0/gen_vhd_anomaly	neo23x0/yara/gen_vhd_anomaly.yar		
Rule	neo23x0	neo23x0/gen_webshell_csharp	neo23x0/yara/gen_webshell_csharp.yar		
Rule	neo23x0	neo23x0/gen_webshells	neo23x0/yara/gen_webshells.yar		
Rule	neo23x0	neo23x0/gen_webshells_ext_vars	neo23x0/yara/gen_webshells_ext_vars.yar		
Rule	neo23x0	neo23x0/gen_win_privesc	neo23x0/yara/gen_win_privesc.yar		
Rule	neo23x0	neo23x0/gen_winpayloads	neo23x0/yara/gen_winpayloads.yar		
Rule	neo23x0	neo23x0/gen_winshells	neo23x0/yara/gen_winshells.yar		
Rule	neo23x0	neo23x0/gen_wmi_implant	neo23x0/yara/gen_wmi_implant.yar		
Rule	neo23x0	neo23x0/gen_xor_hunting	neo23x0/yara/gen_xor_hunting.yar		
Rule	neo23x0	neo23x0/gen_xored_pe	neo23x0/yara/gen_xored_pe.yar		
Rule	neo23x0	neo23x0/gen_xtreme_rat	neo23x0/yara/gen_xtreme_rat.yar		
Rule	neo23x0	neo23x0/gen_ysoserial_payloads	neo23x0/yara/gen_ysoserial_payloads.yar		
Rule	neo23x0	neo23x0/gen_zoho_rcef_logs	neo23x0/yara/gen_zoho_rcef_logs.yar		
Rule	neo23x0	neo23x0/general_cloaking	neo23x0/yara/general_cloaking.yar		
Rule	neo23x0	neo23x0/general_officemacros	neo23x0/yara/general_officemacros.yar		
Rule	neo23x0	neo23x0/generic_anomalies	neo23x0/yara/generic_anomalies.yar		
Rule	neo23x0	neo23x0/generic_cryptors	neo23x0/yara/generic_cryptors.yar		
Rule	neo23x0	neo23x0/generic_dumps	neo23x0/yara/generic_dumps.yar		
Rule	neo23x0	neo23x0/generic_exe2hex_payload	neo23x0/yara/generic_exe2hex_payload.yar		
Rule	neo23x0	neo23x0/hktl_bruteratel_c4	neo23x0/yara/hktl_bruteratel_c4.yar		
Rule	neo23x0	neo23x0/hktl_bruteratel_c4_badger	neo23x0/yara/hktl_bruteratel_c4_badger.yar		
Rule	neo23x0	neo23x0/hktl_natbypass	neo23x0/yara/hktl_natbypass.yar		
Rule	neo23x0	neo23x0/log_teamviewer_keyboard_layouts	neo23x0/yara/log_teamviewer_keyboard_layouts.yar		
Rule	neo23x0	neo23x0/mal_avemaria_rat	neo23x0/yara/mal_avemaria_rat.yar		
Rule	neo23x0	neo23x0/mal_codecov_hack	neo23x0/yara/mal_codecov_hack.yar		
Rule	neo23x0	neo23x0/mal_crime_unknown	neo23x0/yara/mal_crime_unknown.yar		
Rule	neo23x0	neo23x0/mal_cryp_rat	neo23x0/yara/mal_cryp_rat.yar		
Rule	neo23x0	neo23x0/mal_lnx_implant_may22	neo23x0/yara/mal_lnx_implant_may22.yar		
Rule	neo23x0	neo23x0/mal_netsha	neo23x0/yara/mal_netsha.yar		
Rule	neo23x0	neo23x0/mal_passwordstate_backdoor	neo23x0/yara/mal_passwordstate_backdoor.yar		
Rule	neo23x0	neo23x0/mal_qbot_feb23	neo23x0/yara/mal_qbot_feb23.yar		
Rule	neo23x0	neo23x0/mal_qbot_payloads	neo23x0/yara/mal_qbot_payloads.yar		
Rule	neo23x0	neo23x0/mal_ransom_esxi_attacks_feb23	neo23x0/yara/mal_ransom_esxi_attacks_feb23.yar		
Rule	neo23x0	neo23x0/mal_ransom_lorenz	neo23x0/yara/mal_ransom_lorenz.yar		
Rule	neo23x0	neo23x0/mal_ru_sparepart_dec22	neo23x0/yara/mal_ru_sparepart_dec22.yar		
Rule	neo23x0	neo23x0/pua_cryptocoin_miner	neo23x0/yara/pua_cryptocoin_miner.yar		
Rule	neo23x0	neo23x0/pua_xmrig_monero_miner	neo23x0/yara/pua_xmrig_monero_miner.yar		
Rule	neo23x0	neo23x0/pup_lightftp	neo23x0/yara/pup_lightftp.yar		
Rule	neo23x0	neo23x0/spy_equation_fiveeyes	neo23x0/yara/spy_equation_fiveeyes.yar		
Rule	neo23x0	neo23x0/spy_querty_fiveeyes	neo23x0/yara/spy_querty_fiveeyes.yar		
Rule	neo23x0	neo23x0/spy_regin_fiveeyes	neo23x0/yara/spy_regin_fiveeyes.yar		
Rule	neo23x0	neo23x0/thor_hacktools	neo23x0/yara/thor-hacktools.yar		
Rule	neo23x0	neo23x0/thor_inverse_matches	neo23x0/yara/thor_inverse_matches.yar		
Rule	neo23x0	neo23x0/thor_webshells	neo23x0/yara/thor-webshells.yar		
Rule	neo23x0	neo23x0/threat_lenovo_superfish	neo23x0/yara/threat_lenovo_superfish.yar		
Rule	neo23x0	neo23x0/vul_backdoor_antitheftweb	neo23x0/yara/vul_backdoor_antitheftweb.yar		
Rule	neo23x0	neo23x0/vul_confluence_questions_plugin_cve_2022_26138	neo23x0/yara/vul_confluence_questions_plugin_cve_2022_26138.yar		
Rule	neo23x0	neo23x0/vul_cve_2020_0688	neo23x0/yara/vul_cve_2020_0688.yar		
Rule	neo23x0	neo23x0/vul_cve_2020_1938	neo23x0/yara/vul_cve_2020_1938.yar		
Rule	neo23x0	neo23x0/vul_cve_2021_3438_printdriver	neo23x0/yara/vul_cve_2021_3438_printdriver.yar		
Rule	neo23x0	neo23x0/vul_cve_2021_386471_omi	neo23x0/yara/vul_cve_2021_386471_omi.yar		
Rule	neo23x0	neo23x0/vul_dell_bios_upd_driver	neo23x0/yara/vul_dell_bios_upd_driver.yar		
Rule	neo23x0	neo23x0/vul_drivecrypt	neo23x0/yara/vul_drivecrypt.yar		
Rule	neo23x0	neo23x0/vul_jquery_fileupload_cve_2018_9206	neo23x0/yara/vul_jquery_fileupload_cve_2018_9206.yar		
Rule	neo23x0	neo23x0/vul_php_zlib_backdoor	neo23x0/yara/vul_php_zlib_backdoor.yar		
Rule	neo23x0	neo23x0/vuln_gigabyte_driver	neo23x0/yara/vuln_gigabyte_driver.yar		
Rule	neo23x0	neo23x0/vuln_proxynotshell_cve_2022_41040	neo23x0/yara/vuln_proxynotshell_cve_2022_41040.yar		
Rule	neo23x0	neo23x0/webshell_regeorg	neo23x0/yara/webshell_regeorg.yar		
Rule	neo23x0	neo23x0/webshell_xsl_transform	neo23x0/yara/webshell_xsl_transform.yar		
Rule	neo23x0	neo23x0/yara_mixed_ext_vars	neo23x0/yara/yara_mixed_ext_vars.yar		
